{
  "lr": 0.0010854684120321185,
  "weight_decay": 0.0003723260655101923,
  "dropout": 0.42329071963178416,
  "batch_size": 32
}