{
  "lr": 0.00015785915523702378,
  "weight_decay": 0.0008565360825449499,
  "dropout": 0.3374235023366022,
  "batch_size": 256
}